player,match_count,total_run_bat,balls_faced,total_wicket,total_run_bowl,balling_over,6_count,4_count,2_count,1_count,batting_average,strike_rate,bowling_economy,highest_run,MOTM_count
SC Ganguly,56,1349,1257,12,370,46.0,42,137,54,427,24.98148148148148,107.31901352426412,8.043478260869565,91,5
P Kumar,57,340,312,102,3342,420.4000000000001,17,22,24,102,10.0,108.97435897435898,7.949571836346335,34,2
BB McCullum,109,2882,2176,0,0,0.0,130,293,103,715,27.18867924528302,132.44485294117646,0.0,158,5
Z Khan,27,117,140,119,2860,366.4000000000001,2,11,7,47,7.8,83.57142857142857,7.805676855895195,23,1
AA Noffke,1,9,10,1,41,4.0,0,1,0,5,9.0,90.0,10.25,9,0
RT Ponting,9,91,128,0,0,0.0,2,5,6,47,11.375,71.09375,0.0,28,0
JH Kallis,95,2427,2213,74,2348,290.20000000000005,44,255,113,888,27.269662921348313,109.6701310438319,8.090971743625085,89,10
SB Joshi,2,6,14,1,82,9.1,0,0,0,6,3.0,42.857142857142854,9.010989010989011,3,0
DJ Hussey,61,1322,1070,10,485,52.50000000000001,60,90,72,452,26.979591836734695,123.55140186915888,9.238095238095237,71,2
CL White,45,971,757,1,86,6.599999999999998,38,76,49,335,27.742857142857144,128.26948480845442,13.030303030303035,78,1
Mohammad Hafeez,8,64,83,2,71,9.599999999999998,2,7,0,24,8.0,77.10843373493977,7.395833333333335,16,0
R Dravid,82,2174,1878,0,0,0.0,28,269,118,681,28.233766233766232,115.76144834930777,0.0,75,2
AB Dinda,16,26,48,82,2103,252.39999999999998,0,2,1,16,2.888888888888889,54.166666666666664,8.332012678288432,7,2
W Jaffer,8,130,121,0,0,0.0,3,14,6,41,18.571428571428573,107.43801652892562,0.0,50,0
I Sharma,21,57,69,96,3255,384.5000000000001,2,4,3,23,8.142857142857142,82.6086956521739,8.465539661898568,10,4
V Kohli,244,8014,6051,5,371,41.50000000000001,273,708,445,2591,36.76146788990825,132.44091885638738,8.939759036144578,113,18
AB Agarkar,18,179,151,33,1174,130.2,5,13,15,67,22.375,118.54304635761589,9.01689708141321,39,0
MV Boucher,23,394,307,0,0,0.0,13,32,29,127,26.266666666666666,128.33876221498372,0.0,50,2
B Akhil,11,76,55,7,246,31.200000000000003,5,5,5,16,10.857142857142858,138.1818181818182,7.884615384615384,27,0
LR Shukla,33,405,350,17,458,52.2,16,33,20,137,13.96551724137931,115.71428571428571,8.773946360153257,48,1
PA Patel,136,2848,2350,0,0,0.0,49,365,127,811,22.4251968503937,121.19148936170212,0.0,81,5
B Lee,19,124,96,30,1126,145.49999999999997,8,8,4,36,12.4,129.16666666666666,7.738831615120277,25,2
ML Hayden,32,1107,799,0,0,0.0,44,121,48,257,39.535714285714285,138.54818523153943,0.0,93,4
S Sreesanth,12,34,55,43,1221,146.39999999999998,0,6,2,6,11.333333333333334,61.81818181818182,8.340163934426231,15,1
MEK Hussey,58,1977,1610,0,0,0.0,52,198,96,648,38.01923076923077,122.79503105590062,0.0,116,12
JR Hopes,19,417,305,14,562,60.0,11,49,19,114,24.529411764705884,136.72131147540983,9.366666666666667,71,0
IK Pathan,82,1150,947,99,2711,340.30000000000007,38,88,76,407,21.69811320754717,121.43611404435057,7.966500146929179,60,2
MS Dhoni,228,5243,3790,0,0,0.0,252,363,340,1554,35.18791946308725,138.3377308707124,0.0,84,17
SK Raina,200,5536,4025,30,1139,151.2,204,506,271,1708,32.95238095238095,137.54037267080744,7.533068783068783,100,14
K Goel,16,218,231,0,94,10.599999999999998,9,17,11,71,15.571428571428571,94.37229437229438,8.867924528301888,38,0
PP Chawla,86,624,561,201,5179,641.4000000000001,20,56,37,203,10.947368421052632,111.22994652406418,8.074524477705019,24,3
WA Mota,8,56,75,4,98,11.599999999999998,0,2,4,40,11.2,74.66666666666667,8.448275862068966,25,0
JDP Oram,11,106,107,13,362,39.300000000000004,5,6,3,46,13.25,99.06542056074767,9.21119592875318,41,1
S Badrinath,65,1441,1208,0,0,0.0,28,154,85,484,30.020833333333332,119.28807947019868,0.0,71,1
MS Gony,15,99,70,39,1317,147.59999999999997,8,6,4,19,11.0,141.42857142857142,8.92276422764228,42,1
KC Sangakkara,68,1687,1385,0,0,0.0,27,195,81,563,24.44927536231884,121.80505415162455,0.0,94,5
M Muralitharan,9,20,29,67,1765,254.39999999999998,0,1,2,9,3.3333333333333335,68.96551724137932,6.937893081761007,6,2
P Amarnath,0,0,0,7,241,22.0,0,0,0,0,,0.0,10.954545454545455,0,0
Joginder Sharma,5,36,30,13,421,42.400000000000006,2,1,3,14,9.0,120.0,9.929245283018867,16,0
Yuvraj Singh,126,2754,2115,39,1091,144.49999999999997,149,218,119,741,25.26605504587156,130.2127659574468,7.550173010380624,83,5
SM Katich,11,241,185,0,0,0.0,8,26,15,56,24.1,130.27027027027026,0.0,75,1
T Kohli,3,11,19,0,0,0.0,1,0,0,5,3.6666666666666665,57.89473684210526,0.0,7,0
GD McGrath,2,4,5,14,366,54.0,0,1,0,0,4.0,80.0,6.777777777777778,4,1
YK Pathan,153,3222,2233,46,1443,191.1,161,263,156,877,29.027027027027028,144.29019256605463,7.551020408163265,100,16
B Geeves,0,0,0,2,91,7.599999999999998,0,0,0,0,,0.0,11.973684210526319,0,0
SR Watson,141,3880,2801,107,2742,338.1,190,377,135,933,30.793650793650794,138.52195644412708,8.110026619343389,117,16
M Kaif,22,259,249,0,0,0.0,6,22,23,86,16.1875,104.0160642570281,0.0,34,0
MF Maharoof,14,177,123,33,532,69.59999999999997,9,12,16,43,17.7,143.90243902439025,7.643678160919544,39,1
R Bhatia,47,342,284,82,2059,272.4000000000001,13,24,23,119,11.793103448275861,120.4225352112676,7.558737151248162,26,1
DS Lehmann,2,18,18,0,0,0.0,0,3,0,6,9.0,100.0,0.0,17,0
RA Jadeja,180,2959,2267,169,4917,638.1,107,215,213,1013,25.95614035087719,130.52492280546977,7.70568876351669,62,16
M Rawat,11,55,69,0,0,0.0,1,4,2,29,11.0,79.71014492753623,0.0,23,0
DL Vettori,16,121,112,34,894,129.29999999999998,2,11,4,54,17.285714285714285,108.03571428571429,6.914153132250581,29,1
D Salunkhe,3,33,24,1,80,7.499999999999998,0,5,2,9,33.0,137.5,10.66666666666667,26,0
SK Warne,27,198,213,60,1465,198.59999999999997,6,14,12,82,10.421052631578947,92.95774647887323,7.376636455186305,34,4
SK Trivedi,14,42,58,73,1944,250.59999999999997,1,3,4,16,5.25,72.41379310344827,7.757382282521949,9,2
G Gambhir,151,4217,3394,0,0,0.0,59,492,249,1352,31.237037037037037,124.2486741308191,0.0,93,13
MM Patel,12,39,41,82,1733,225.49999999999997,0,5,1,17,7.8,95.1219512195122,7.685144124168516,23,2
V Sehwag,104,2728,1740,6,236,22.400000000000006,106,334,96,558,27.836734693877553,156.7816091954023,10.535714285714283,122,11
S Dhawan,221,6769,5304,4,72,7.599999999999998,153,768,299,2102,34.891752577319586,127.62066365007541,9.473684210526319,106,12
L Ronchi,5,34,34,0,0,0.0,1,6,0,4,11.333333333333334,100.0,0.0,13,0
ST Jayasuriya,30,768,529,16,396,49.0,39,84,22,128,26.482758620689655,145.17958412098298,8.081632653061224,114,2
DJ Thornely,4,39,53,3,40,6.599999999999998,2,2,0,19,13.0,73.58490566037736,6.060606060606062,30,0
RV Uthappa,197,4954,3784,0,0,0.0,182,481,230,1418,26.92391304347826,130.91966173361521,0.0,88,7
PR Shah,9,92,90,0,0,0.0,2,9,8,28,11.5,102.22222222222223,0.0,29,0
R Vinay Kumar,42,310,274,127,3041,354.30000000000007,9,21,31,110,11.923076923076923,113.13868613138686,8.583121648320631,26,3
AM Nayar,50,672,573,9,323,38.1,20,55,47,230,17.23076923076923,117.27748691099477,8.47769028871391,45,0
SM Pollock,8,147,111,13,307,46.0,8,12,2,47,18.375,132.43243243243242,6.673913043478261,33,2
Harbhajan Singh,88,833,599,161,4101,569.2,42,79,35,195,14.875,139.0651085141903,7.204848910751932,64,8
S Chanderpaul,3,25,31,0,0,0.0,0,4,0,9,8.333333333333334,80.64516129032258,0.0,16,0
A Nehra,17,41,60,121,2537,318.0,1,3,1,21,5.125,68.33333333333333,7.977987421383648,22,6
DS Kulkarni,20,104,108,91,2513,297.5000000000001,2,7,8,45,11.555555555555555,96.29629629629629,8.447058823529408,28,0
LRPL Taylor,54,1017,818,0,24,2.0,46,66,62,334,24.804878048780488,124.32762836185819,12.0,81,3
AC Gilchrist,80,2069,1483,1,0,0.1,92,239,66,417,27.223684210526315,139.51449763991909,0.0,109,7
Y Venugopal Rao,52,985,832,7,338,36.0,37,77,53,341,23.452380952380953,118.38942307692308,9.38888888888889,71,0
VVS Laxman,20,282,266,0,0,0.0,5,33,10,100,17.625,106.01503759398496,0.0,52,0
A Symonds,36,974,745,23,694,87.49999999999997,41,74,66,288,37.46153846153846,130.73825503355704,7.931428571428574,117,3
M Kartik,14,113,107,39,1418,191.29999999999998,1,7,8,60,16.142857142857142,105.60747663551402,7.41244119184527,21,1
RG Sharma,251,6630,5039,16,462,56.300000000000004,281,599,263,1996,28.57758620689655,131.57372494542568,8.206039076376554,109,19
SB Styris,10,131,132,9,278,36.0,3,10,5,63,18.714285714285715,99.24242424242425,7.722222222222222,36,0
AS Yadav,6,49,39,0,0,0.0,2,5,2,13,7.0,125.64102564102564,0.0,16,0
SB Bangar,7,49,58,6,221,25.0,3,1,1,25,8.166666666666666,84.48275862068965,8.84,17,0
WPUJC Vaas,11,81,72,22,364,47.0,3,2,11,33,11.571428571428571,112.5,7.74468085106383,20,1
RP Singh,28,52,76,100,2417,295.5000000000001,1,2,2,31,3.466666666666667,68.42105263157895,8.179357021996612,10,1
WP Saha,143,2934,2296,0,0,0.0,87,296,166,878,24.24793388429752,127.78745644599303,0.0,115,5
PP Ojha,19,16,44,99,2399,316.30000000000007,0,0,1,14,1.6,36.36363636363637,7.58457160923174,3,1
DPMD Jayawardene,78,1808,1462,0,0,0.0,40,200,93,565,28.25,123.66621067031464,0.0,110,5
Pankaj Singh,5,7,12,11,472,50.0,0,0,1,5,3.5,58.333333333333336,9.44,4,0
S Sohal,20,368,289,0,0,0.0,18,34,17,82,20.444444444444443,127.33564013840831,0.0,62,1
Kamran Akmal,6,128,77,0,0,0.0,8,13,4,20,32.0,166.23376623376623,0.0,53,0
Mohammad Asif,2,3,6,9,307,32.0,0,0,0,3,1.5,50.0,9.59375,3,0
VY Mahesh,5,15,27,22,511,56.300000000000004,0,0,2,11,7.5,55.55555555555556,9.076376554174066,6,0
Shahid Afridi,9,81,46,9,237,30.0,6,7,0,12,10.125,176.08695652173913,7.9,33,0
DJ Bravo,110,1560,1196,207,4436,520.0,66,120,111,447,22.608695652173914,130.43478260869566,8.53076923076923,70,4
VS Yeligati,1,2,2,0,61,4.599999999999998,0,0,1,0,2.0,100.0,13.260869565217398,2,0
MA Khote,3,24,22,2,52,4.599999999999998,1,2,1,8,12.0,109.0909090909091,11.304347826086962,9,0
GC Smith,29,739,664,0,0,0.0,9,94,39,228,24.633333333333333,111.29518072289157,0.0,91,2
D Kalyankrishna,1,3,8,2,88,7.599999999999998,0,0,0,3,3.0,37.5,11.578947368421057,3,0
RR Sarwan,4,73,75,0,0,0.0,1,6,6,31,24.333333333333332,97.33333333333333,0.0,31,0
VRV Singh,2,4,3,16,549,60.0,0,1,0,0,4.0,133.33333333333334,9.15,4,0
SS Tiwary,73,1494,1235,0,0,0.0,50,111,95,554,29.88,120.97165991902834,0.0,61,0
Sohail Tanvir,5,36,28,24,275,41.1,1,3,2,14,12.0,128.57142857142858,6.690997566909975,13,2
A Kumble,15,35,47,49,1089,160.49999999999997,0,3,1,21,17.5,74.46808510638297,6.785046728971964,8,3
DNT Zoysa,2,11,9,2,100,10.599999999999998,0,1,2,3,11.0,122.22222222222223,9.433962264150946,10,0
AM Rahane,171,4642,3757,1,5,1.0,103,479,257,1537,29.756410256410255,123.55602874634016,5.0,105,13
SD Chitnis,8,99,88,2,62,5.599999999999998,2,10,5,37,14.142857142857142,112.5,11.071428571428577,38,0
Shoaib Malik,5,52,46,2,87,8.299999999999999,0,5,4,24,13.0,113.04347826086956,10.481927710843374,24,0
MK Tiwary,83,1695,1444,1,83,6.599999999999998,40,156,77,633,27.78688524590164,117.38227146814404,12.57575757575758,75,3
KD Karthik,233,4843,3570,0,0,0.0,161,466,258,1464,25.624338624338623,135.65826330532212,0.0,97,7
TM Srivastava,3,8,11,0,0,0.0,0,0,0,5,8.0,72.72727272727273,0.0,7,0
DW Steyn,33,167,160,105,2583,363.4000000000001,3,14,19,55,7.590909090909091,104.375,7.107870115575122,19,5
B Chipli,21,280,250,0,20,1.0,7,28,7,100,17.5,112.0,20.0,61,0
JA Morkel,67,975,683,96,2409,287.1,55,61,55,288,24.375,142.75256222547586,8.390804597701148,73,2
DB Das,22,304,260,0,0,0.0,16,23,12,92,25.333333333333332,116.92307692307692,0.0,35,0
CRD Fernando,2,4,3,19,306,39.0,0,0,1,2,4.0,133.33333333333334,7.846153846153846,2,1
MK Pandey,158,3859,3174,0,0,0.0,111,335,222,1358,29.015037593984964,121.58160050409577,0.0,114,5
HH Gibbs,36,886,805,0,0,0.0,31,83,45,264,27.6875,110.06211180124224,0.0,69,1
Gagandeep Singh,0,0,0,3,142,13.599999999999998,0,0,0,0,,0.0,10.441176470588237,0,0
SE Marsh,69,2489,1866,0,0,0.0,78,269,99,724,38.292307692307695,133.38692390139335,0.0,115,9
SA Asnodkar,19,423,337,0,0,0.0,10,56,17,105,22.263157894736842,125.51928783382789,0.0,60,1
Umar Gul,4,39,19,14,198,22.300000000000004,5,1,0,5,13.0,205.26315789473685,8.878923766816142,24,1
Salman Butt,7,193,160,0,0,0.0,2,30,7,47,27.571428571428573,120.625,0.0,73,0
BJ Hodge,63,1400,1112,18,310,39.0,43,122,89,452,30.434782608695652,125.89928057553956,7.948717948717949,73,6
SP Fleming,10,196,162,0,0,0.0,3,27,11,42,21.77777777777778,120.98765432098766,0.0,45,0
S Vidyut,8,145,109,1,22,2.0,3,21,5,30,18.125,133.0275229357798,11.0,54,0
PJ Sangwan,14,26,44,44,1267,142.39999999999998,0,1,3,16,3.25,59.09090909090909,8.897471910112362,6,0
M Ntini,2,11,18,8,257,35.0,0,2,1,1,11.0,61.111111111111114,7.3428571428571425,11,2
AB de Villiers,170,5181,3400,0,0,0.0,253,414,268,1420,41.448,152.38235294117646,0.0,133,25
LPC Silva,3,40,26,0,21,1.0,1,5,3,8,20.0,153.84615384615384,21.0,23,0
DB Ravi Teja,25,375,315,1,28,3.0,9,35,18,136,18.75,119.04761904761905,9.333333333333334,60,0
Misbah-ul-Haq,8,117,81,0,0,0.0,6,10,6,29,13.0,144.44444444444446,0.0,47,0
DP Vijaykumar,1,1,1,4,205,25.200000000000003,0,0,0,1,,100.0,8.134920634920634,1,0
YV Takawale,10,192,177,0,0,0.0,3,26,12,41,24.0,108.47457627118644,0.0,45,0
RR Raje,5,20,18,7,214,23.1,1,1,0,10,20.0,111.11111111111111,9.264069264069263,11,0
DT Patil,2,13,13,0,0,0.0,0,1,2,5,13.0,100.0,0.0,9,0
S Anirudha,12,136,112,0,0,0.0,7,9,7,44,17.0,121.42857142857143,0.0,64,1
L Balaji,13,36,49,85,2083,251.59999999999997,1,2,2,15,5.142857142857143,73.46938775510205,8.279014308426074,15,3
CK Kapugedera,3,16,22,0,49,2.5000000000000004,0,0,2,12,5.333333333333333,72.72727272727273,19.599999999999998,8,0
A Chopra,6,53,71,0,0,0.0,0,7,2,21,10.6,74.64788732394366,0.0,24,0
T Taibu,3,31,26,0,0,0.0,0,3,5,9,10.333333333333334,119.23076923076923,0.0,15,0
J Arunkumar,3,23,23,0,0,0.0,0,5,0,3,7.666666666666667,100.0,0.0,22,0
SP Goswami,21,293,293,0,0,0.0,3,32,17,110,14.65,100.0,0.0,52,1
DR Smith,88,2385,1755,27,825,89.49999999999997,117,245,84,521,29.444444444444443,135.89743589743588,9.21787709497207,87,11
SR Tendulkar,78,2334,1941,0,59,5.599999999999998,29,296,117,721,32.87323943661972,120.24729520865533,10.53571428571429,100,8
U Kaul,1,0,1,0,0,0.0,0,0,0,0,,0.0,0.0,0,0
AD Mascarenhas,11,79,78,19,365,51.2,1,5,9,35,7.9,101.28205128205128,7.12890625,27,1
TM Dilshan,50,1153,1001,5,368,45.1,24,140,54,335,28.121951219512194,115.18481518481518,8.159645232815965,76,1
A Mishra,55,381,417,183,4193,561.5000000000001,5,31,22,183,12.290322580645162,91.36690647482014,7.467497773820123,31,12
NK Patel,6,121,119,0,0,0.0,1,14,9,38,24.2,101.68067226890756,0.0,57,0
LA Pomersbach,16,302,243,0,0,0.0,13,25,18,85,27.454545454545453,124.2798353909465,0.0,79,0
Iqbal Abdulla,13,88,82,45,1125,153.2,1,9,6,34,88.0,107.3170731707317,7.343342036553525,33,2
Shoaib Akhtar,1,2,7,5,54,6.599999999999998,0,0,0,2,2.0,28.571428571428573,8.181818181818185,2,1
Younis Khan,1,3,7,0,0,0.0,0,0,0,3,3.0,42.857142857142854,0.0,3,0
RR Powar,9,67,64,15,538,70.59999999999997,1,6,7,23,22.333333333333332,104.6875,7.6203966005665755,28,0
PM Sarvesh Kumar,1,1,2,1,42,4.599999999999998,0,0,0,1,,50.0,9.1304347826087,1,0
Abdur Razzak,1,0,2,0,29,2.0,0,0,0,0,,0.0,14.5,0,0
H Das,1,2,5,0,0,0.0,0,0,0,2,2.0,40.0,0.0,2,0
A Nel,0,0,0,1,31,3.0,0,0,0,0,,0.0,10.333333333333334,0,0
A Mukund,2,19,22,0,0,0.0,0,1,2,11,9.5,86.36363636363636,0.0,19,0
BAW Mendis,3,3,6,9,306,40.400000000000006,0,0,0,3,1.5,50.0,7.574257425742573,2,0
T Thushara,4,12,18,10,164,22.300000000000004,0,0,3,6,6.0,66.66666666666667,7.354260089686098,8,0
A Flintoff,3,62,53,2,106,10.599999999999998,2,5,2,23,31.0,116.98113207547169,10.000000000000002,24,0
JP Duminy,75,2029,1631,23,847,112.59999999999997,79,126,126,781,41.40816326530612,124.40220723482526,7.52220248667851,78,4
SL Malinga,20,88,99,188,3486,471.20000000000005,5,6,1,32,7.333333333333333,88.88888888888889,7.3981324278438025,17,6
JD Ryder,29,604,455,11,314,39.2,19,69,30,145,20.82758620689655,132.74725274725276,8.010204081632653,86,1
KP Pietersen,36,1001,742,9,218,29.0,40,91,48,284,34.51724137931034,134.9056603773585,7.517241379310345,103,3
Kamran Khan,1,3,5,14,248,27.400000000000006,0,0,1,1,3.0,60.0,9.051094890510948,3,0
T Henderson,2,11,15,1,41,5.599999999999998,1,0,1,3,11.0,73.33333333333333,7.321428571428574,11,0
RS Bopara,22,531,453,13,301,34.2,16,39,27,204,27.94736842105263,117.21854304635761,8.801169590643275,84,1
DP Nannes,2,4,13,38,815,107.39999999999998,0,0,0,4,4.0,30.76923076923077,7.588454376163875,3,1
AM Salvi,0,0,0,7,205,25.0,0,0,0,0,,0.0,8.2,0,0
YA Abdulla,1,0,1,15,311,34.50000000000001,0,0,0,0,,0.0,9.014492753623186,0,0
VS Malik,2,7,7,6,268,34.1,0,1,0,3,7.0,100.0,7.859237536656891,6,0
FH Edwards,2,4,5,6,160,23.200000000000003,0,0,0,1,4.0,80.0,6.896551724137931,3,0
CH Gayle,141,4997,3331,19,755,92.19999999999999,359,408,92,1018,39.0390625,150.01501050735516,8.188720173535792,175,22
Harmeet Singh,4,18,12,31,747,91.29999999999998,0,3,2,2,9.0,150.0,8.181818181818183,14,2
MC Henriques,54,1000,785,46,1302,158.2,28,87,76,323,26.31578947368421,127.38853503184713,8.230088495575222,74,2
R Bishnoi,3,19,17,0,0,0.0,2,1,0,3,6.333333333333333,111.76470588235294,0.0,18,0
KV Sharma,39,351,294,82,2130,249.1,17,20,23,120,14.04,119.38775510204081,8.550782818145324,39,1
PC Valthaty,23,505,414,7,207,25.1,20,61,20,101,22.954545454545453,121.98067632850241,8.247011952191235,120,2
Anureet Singh,8,36,47,21,636,68.39999999999998,1,2,0,22,9.0,76.59574468085107,9.29824561403509,15,0
RJ Quiney,7,103,102,0,0,0.0,3,12,2,30,14.714285714285714,100.98039215686275,0.0,51,0
AS Raut,16,194,167,0,45,4.599999999999998,7,13,9,73,17.636363636363637,116.16766467065868,9.78260869565218,36,0
Yashpal Singh,4,47,65,0,0,0.0,0,5,2,20,11.75,72.3076923076923,0.0,20,0
RR Bose,0,0,0,0,24,2.0,0,0,0,0,,0.0,12.0,0,0
KP Appanna,3,2,4,11,291,36.0,0,0,0,2,2.0,50.0,8.083333333333334,1,0
M Manhas,38,514,470,0,42,6.599999999999998,10,43,44,191,21.416666666666668,109.36170212765957,6.363636363636366,42,0
Shoaib Ahmed,3,1,6,5,154,17.0,0,0,0,1,0.5,16.666666666666668,9.058823529411764,1,0
AA Bilakhia,7,69,84,0,0,0.0,0,5,9,31,13.8,82.14285714285714,0.0,22,0
AN Ghosh,2,7,8,0,0,0.0,0,1,1,1,3.5,87.5,0.0,7,0
RE van der Merwe,15,159,141,25,515,73.49999999999997,8,11,4,53,13.25,112.76595744680851,7.006802721088438,35,0
MN van Wyk,5,167,131,0,0,0.0,1,19,12,58,55.666666666666664,127.48091603053435,0.0,74,0
TL Suman,39,676,573,7,198,25.0,26,55,43,205,22.533333333333335,117.97556719022688,7.92,78,1
S Tyagi,1,3,4,6,304,34.50000000000001,0,0,0,3,,75.0,8.811594202898549,3,0
GR Napier,1,15,16,1,28,4.0,0,1,3,5,15.0,93.75,7.0,15,0
SM Harwood,2,9,13,3,74,9.599999999999998,0,0,2,5,,69.23076923076923,7.708333333333335,6,0
LA Carseldine,5,81,66,1,6,1.0,0,11,4,23,27.0,122.72727272727273,6.0,39,0
NV Ojha,94,1554,1308,0,0,0.0,79,121,64,438,21.0,118.80733944954129,0.0,94,1
M Vijay,105,2619,2148,0,49,5.599999999999998,91,247,164,701,27.0,121.92737430167598,8.750000000000004,127,6
SB Jakati,5,28,29,50,1474,180.49999999999997,0,3,1,14,14.0,96.55172413793103,8.166204986149586,13,1
DA Warner,184,6567,4682,0,2,0.1,236,663,370,1682,40.042682926829265,140.26057240495516,20.0,126,18
D du Preez,1,10,13,4,56,6.599999999999998,0,0,2,6,10.0,76.92307692307692,8.484848484848488,10,0
RJ Harris,21,117,111,47,1085,138.39999999999998,3,6,16,40,9.75,105.4054054054054,7.839595375722545,17,1
A Singh,5,2,9,31,639,78.49999999999997,0,0,0,2,0.5,22.22222222222222,8.140127388535035,1,1
M Morkel,20,126,89,88,2136,271.30000000000007,5,11,8,33,11.454545454545455,141.57303370786516,7.873203096203463,23,2
A Mithun,6,34,26,8,477,48.0,1,4,2,8,6.8,130.76923076923077,9.9375,11,0
C Nanda,1,0,1,2,58,7.599999999999998,0,0,0,0,0.0,0.0,7.631578947368423,0,0
SS Sarkar,0,0,0,1,34,4.1,0,0,0,0,,0.0,8.292682926829269,0,0
AD Mathews,41,724,573,28,1095,131.49999999999997,29,44,49,267,23.35483870967742,126.35253054101221,8.326996197718634,65,1
J Botha,28,409,358,27,818,115.39999999999998,5,39,37,143,18.59090909090909,114.24581005586592,7.088388214904681,67,1
Mashrafe Mortaza,1,2,2,1,59,4.0,0,0,1,0,,100.0,14.75,2,0
GJ Bailey,36,663,541,0,0,0.0,19,59,44,222,22.862068965517242,122.55083179297597,0.0,61,1
AB McDonald,9,123,100,14,263,31.0,4,9,9,42,24.6,123.0,8.483870967741936,33,0
Y Nagar,20,285,259,4,125,10.599999999999998,9,20,18,109,19.0,110.03861003861005,11.792452830188681,44,0
CK Langeveldt,2,8,9,13,199,26.0,1,0,0,2,4.0,88.88888888888889,7.653846153846154,8,0
SS Shaikh,1,6,7,0,0,0.0,0,1,0,2,,85.71428571428571,0.0,6,0
R Ashwin,89,800,674,198,5435,754.0,28,61,46,296,13.559322033898304,118.69436201780415,7.208222811671088,50,6
Mohammad Ashraful,1,2,10,0,0,0.0,0,0,0,2,2.0,20.0,0.0,2,0
RA Shaikh,0,0,0,0,11,1.0,0,0,0,0,,0.0,11.0,0,0
Jaskaran Singh,4,8,11,6,174,17.0,0,0,2,4,4.0,72.72727272727273,10.235294117647058,4,0
CA Pujara,22,390,390,0,0,0.0,4,50,15,133,21.666666666666668,100.0,0.0,51,0
OA Shah,22,506,388,0,0,0.0,23,34,29,168,38.92307692307692,130.41237113402062,0.0,76,0
Anirudh Singh,4,63,66,0,0,0.0,1,6,5,23,15.75,95.45454545454545,0.0,40,0
SW Tait,5,23,26,26,668,78.49999999999997,1,1,0,13,7.666666666666667,88.46153846153847,8.509554140127392,11,0
A Uniyal,2,4,7,3,67,5.599999999999998,0,0,0,4,4.0,57.142857142857146,11.964285714285719,4,0
AP Tare,27,339,272,0,0,0.0,11,40,19,72,14.125,124.63235294117646,0.0,59,1
AT Rayudu,185,4348,3391,0,0,0.0,173,359,188,1495,28.605263157894736,128.2217634915954,0.0,100,10
AA Jhunjhunwala,15,217,209,1,130,14.1,5,19,13,82,15.5,103.82775119617224,9.21985815602837,53,1
R Sathish,24,270,230,6,233,23.1,6,22,24,89,16.875,117.3913043478261,10.086580086580087,27,0
R McLaren,13,159,171,14,558,59.0,1,14,8,78,19.875,92.98245614035088,9.457627118644067,51,1
AG Murtaza,3,10,14,12,322,44.0,0,1,0,6,10.0,71.42857142857143,7.318181818181818,5,0
P Dogra,12,127,138,0,0,0.0,5,4,10,58,10.583333333333334,92.02898550724638,0.0,41,0
MS Bisla,39,798,700,0,0,0.0,23,93,36,207,21.56756756756757,114.0,0.0,92,1
EJG Morgan,74,1406,1147,0,0,0.0,64,112,73,416,23.049180327868854,122.58064516129032,0.0,68,2
RS Gavaskar,1,2,8,0,8,1.0,0,0,0,2,2.0,25.0,8.0,2,0
JM Kemp,2,26,24,3,58,7.199999999999999,1,1,2,9,13.0,108.33333333333333,8.055555555555557,22,0
S Ladda,2,0,9,5,225,23.0,0,0,0,0,0.0,0.0,9.782608695652174,0,0
Bipul Sharma,17,187,123,22,581,70.59999999999997,9,11,19,51,31.166666666666668,152.03252032520325,8.229461756373942,35,0
SE Bond,1,1,2,9,225,31.0,0,0,0,1,1.0,50.0,7.258064516129032,1,0
KA Pollard,168,3437,2315,81,2200,247.59999999999997,224,221,154,872,26.643410852713178,148.46652267818575,8.885298869143782,87,14
MJ Lumb,12,278,191,0,0,0.0,6,45,9,41,27.8,145.5497382198953,0.0,83,1
DR Martyn,1,19,24,0,0,0.0,0,1,0,15,9.5,79.16666666666667,0.0,19,0
S Narwal,4,37,27,6,203,17.400000000000006,0,6,2,9,9.25,137.03703703703704,11.666666666666663,23,0
UT Yadav,48,208,201,163,4442,509.30000000000007,9,16,10,70,9.904761904761905,103.48258706467662,8.721774985273905,24,10
SJ Srivastava,4,5,5,15,444,47.0,0,0,1,3,5.0,100.0,9.446808510638299,3,0
AB Barath,3,42,42,0,0,0.0,1,5,1,14,21.0,100.0,0.0,33,0
FY Fazal,11,183,172,1,20,2.0,1,22,7,75,20.333333333333332,106.3953488372093,10.0,45,0
AC Voges,7,181,143,1,76,8.599999999999998,3,15,18,61,30.166666666666668,126.57342657342657,8.837209302325583,45,1
MD Mishra,17,237,206,0,0,0.0,8,24,14,65,15.8,115.04854368932038,0.0,41,1
R Sharma,19,66,75,42,1100,154.39999999999998,3,5,7,14,6.0,88.0,7.124352331606219,14,2
J Theron,4,10,12,13,311,36.50000000000001,0,1,0,6,5.0,83.33333333333333,8.520547945205477,7,1
NLTC Perera,30,424,306,37,1031,116.19999999999999,26,23,26,121,17.666666666666668,138.56209150326796,8.872633390705682,40,0
Mandeep Singh,97,1706,1385,0,26,2.0,38,176,113,531,20.070588235294117,123.17689530685921,13.0,77,3
KM Jadhav,81,1208,969,0,0,0.0,40,102,61,432,22.37037037037037,124.66460268317853,0.0,69,2
KB Arun Karthik,8,51,51,0,0,0.0,1,4,3,20,10.2,100.0,0.0,19,0
KAJ Roach,1,10,9,0,80,7.599999999999998,0,1,1,4,10.0,111.11111111111111,10.526315789473687,10,0
PD Collingwood,7,203,156,5,101,14.499999999999998,13,9,10,66,50.75,130.12820512820514,6.965517241379311,75,1
C Ganapathy,0,0,0,0,13,1.0,0,0,0,0,,0.0,13.0,0,0
MB Parmar,0,0,0,0,33,3.0,0,0,0,0,,0.0,11.0,0,0
SB Wagh,2,2,3,5,147,17.0,0,0,1,0,1.0,66.66666666666667,8.647058823529411,2,1
DE Bollinger,4,21,22,43,716,95.59999999999997,1,1,1,9,21.0,95.45454545454545,7.489539748953978,16,2
JD Unadkat,27,197,166,109,3219,355.1,7,16,14,63,14.071428571428571,118.67469879518072,9.065052098000562,26,6
AP Dole,2,34,22,5,114,10.599999999999998,1,3,4,8,17.0,154.54545454545453,10.754716981132077,30,0
AN Ahmed,6,36,26,15,515,57.2,1,4,3,8,36.0,138.46153846153845,9.003496503496503,18,0
MR Marsh,36,665,521,37,803,93.19999999999999,38,48,22,195,20.78125,127.63915547024952,8.61587982832618,89,3
L Ablish,1,0,2,5,76,6.599999999999998,0,0,0,0,,0.0,11.51515151515152,0,0
RS Sodhi,1,4,2,0,0,0.0,0,1,0,0,,200.0,0.0,4,0
S Sriram,2,31,36,0,49,3.0,0,3,2,15,15.5,86.11111111111111,16.333333333333332,27,0
B Sumanth,4,35,37,0,0,0.0,0,3,3,17,35.0,94.5945945945946,0.0,16,0
C Madan,1,15,18,0,0,0.0,0,3,0,3,15.0,83.33333333333333,0.0,15,0
AG Paunikar,5,49,55,0,0,0.0,0,9,2,9,9.8,89.0909090909091,0.0,20,0
AJ Finch,90,2092,1626,1,67,7.1,78,214,105,546,24.904761904761905,128.65928659286593,9.43661971830986,88,5
STR Binny,66,880,682,28,763,98.59999999999997,35,66,61,263,20.0,129.03225806451613,7.738336713995946,48,0
ND Doshi,1,0,13,2,79,9.2,0,0,0,0,0.0,0.0,8.58695652173913,0,0
TG Southee,19,120,106,57,1774,200.59999999999997,4,8,11,37,10.909090909090908,113.20754716981132,8.843469591226322,36,1
S Randiv,1,2,4,8,223,29.0,0,0,1,0,2.0,50.0,7.689655172413793,2,0
IR Jaggi,7,76,97,0,0,0.0,0,6,5,36,15.2,78.35051546391753,0.0,28,0
DT Christian,41,460,394,40,1218,147.1,19,23,29,190,16.428571428571427,116.751269035533,8.280081577158397,39,0
AL Menaria,23,401,354,3,144,18.200000000000003,18,24,24,149,18.227272727272727,113.2768361581921,7.912087912087911,40,0
AUK Pathan,7,39,23,0,63,6.299999999999999,2,5,2,3,7.8,169.56521739130434,10.000000000000002,14,0
RV Gomez,9,50,51,6,130,15.599999999999998,1,5,4,16,7.142857142857143,98.03921568627452,8.333333333333334,26,0
MA Agarwal,121,2669,1990,0,0,0.0,98,265,118,760,23.00862068965517,134.12060301507537,0.0,106,4
UBT Chand,20,300,299,0,0,0.0,9,32,15,88,15.0,100.33444816053512,0.0,58,0
JEC Franklin,16,327,300,9,225,25.1,9,25,22,129,29.727272727272727,109.0,8.96414342629482,79,1
DJ Jacobs,7,92,98,0,0,0.0,4,10,3,22,13.142857142857142,93.87755102040816,0.0,32,0
AC Thomas,4,20,19,16,416,52.300000000000004,1,1,1,8,10.0,105.26315789473684,7.954110898661567,12,0
Sunny Singh,5,43,31,0,0,0.0,1,6,1,11,10.75,138.70967741935485,0.0,20,0
WD Parnell,13,65,80,40,968,120.29999999999998,1,4,5,33,6.5,81.25,8.046550290939319,16,1
NJ Rimmington,1,1,1,0,20,3.0,0,0,0,1,,100.0,6.666666666666667,1,0
RN ten Doeschate,21,326,235,3,94,12.599999999999998,15,26,15,102,19.176470588235293,138.72340425531914,7.460317460317461,70,0
S Nadeem,20,39,87,54,1800,235.49999999999997,0,2,3,25,2.4375,44.827586206896555,7.643312101910829,6,2
BA Bhatt,2,6,7,13,408,49.2,1,0,0,0,,85.71428571428571,8.292682926829269,6,1
JJ van der Wath,3,18,16,3,134,11.599999999999998,1,1,1,6,9.0,112.5,11.551724137931037,14,0
S Aravind,10,59,57,48,1057,126.39999999999998,0,7,5,21,19.666666666666668,103.50877192982456,8.3623417721519,14,1
R Ninan,1,3,5,3,65,5.599999999999998,0,0,0,3,3.0,60.0,11.607142857142861,3,0
Shakib Al Hasan,52,795,635,71,1864,247.2,21,73,45,287,19.875,125.19685039370079,7.540453074433657,66,2
MS Wade,14,183,177,0,0,0.0,2,23,12,55,14.076923076923077,103.38983050847457,0.0,35,0
TD Paine,2,10,26,0,0,0.0,0,0,0,10,5.0,38.46153846153846,0.0,8,0
DH Yagnik,17,170,133,0,0,0.0,2,23,11,44,18.88888888888889,127.81954887218045,0.0,34,0
BJ Haddin,1,18,11,0,0,0.0,1,2,1,2,18.0,163.63636363636363,0.0,18,0
J Syed Mohammad,5,29,26,10,286,32.0,0,4,1,11,14.5,111.53846153846153,8.9375,13,0
VR Aaron,12,50,71,46,1527,165.39999999999998,2,2,4,22,12.5,70.4225352112676,9.232164449818622,17,2
NL McCullum,2,26,22,0,35,4.599999999999998,1,0,4,9,8.666666666666666,118.18181818181819,7.608695652173917,15,0
JE Taylor,2,3,3,6,167,19.300000000000004,0,0,1,1,,100.0,8.652849740932641,2,0
KMDN Kulasekara,1,5,3,6,122,17.0,0,1,0,1,,166.66666666666666,7.176470588235294,5,1
TR Birt,5,75,57,0,0,0.0,2,9,6,15,15.0,131.57894736842104,0.0,27,0
Harpreet Singh,8,123,118,0,0,0.0,3,10,8,49,20.5,104.23728813559322,0.0,41,0
M Klinger,4,73,75,0,0,0.0,0,9,2,30,18.25,97.33333333333333,0.0,29,0
P Parameswaran,2,1,2,9,226,25.400000000000006,0,0,0,1,,50.0,8.897637795275589,1,1
AC Blizzard,7,120,90,0,0,0.0,2,21,2,17,17.142857142857142,133.33333333333334,0.0,51,0
I Malhotra,1,7,4,0,23,1.0,0,1,0,3,,175.0,23.0,7,0
CA Ingram,15,205,179,0,0,0.0,5,22,9,69,17.083333333333332,114.52513966480447,0.0,47,0
B Kumar,65,306,325,195,5051,651.4000000000001,3,30,22,124,9.0,94.15384615384616,7.754068160884248,27,6
CJ Ferguson,8,98,117,0,0,0.0,0,9,10,42,16.333333333333332,83.76068376068376,0.0,23,0
AA Kazi,0,0,0,1,21,2.0,0,0,0,0,,0.0,10.5,0,0
Anand Rajan,0,0,0,10,206,24.500000000000007,0,0,0,0,,0.0,8.40816326530612,0,0
P Prasanth,0,0,0,0,18,1.0,0,0,0,0,,0.0,18.0,0,0
Y Gnaneswara Rao,1,19,17,0,7,1.0,0,3,1,5,19.0,111.76470588235294,7.0,19,0
AA Chavan,3,12,11,8,339,41.2,0,2,0,4,12.0,109.0909090909091,8.228155339805825,7,0
S Rana,8,91,79,0,18,2.4000000000000004,1,9,10,29,18.2,115.18987341772151,7.499999999999999,19,0
JP Faulkner,45,527,385,76,1849,206.2,23,36,41,160,18.821428571428573,136.88311688311688,8.967022308438409,46,5
SS Mundhe,0,0,0,1,6,1.0,0,0,0,0,,0.0,6.0,0,0
RW Price,0,0,0,0,33,3.0,0,0,0,0,,0.0,11.0,0,0
F du Plessis,138,4571,3345,0,16,1.0,166,422,215,1393,36.568,136.65171898355754,16.0,96,10
RE Levi,6,83,73,0,0,0.0,4,10,0,19,13.833333333333334,113.6986301369863,0.0,50,1
GJ Maxwell,128,2772,1761,41,1311,157.2,160,233,125,615,24.972972972972972,157.4105621805792,8.33969465648855,95,9
M de Lange,1,1,2,6,171,18.0,0,0,0,1,1.0,50.0,9.5,1,0
SPD Smith,93,2495,1931,0,5,0.2,60,226,164,882,31.987179487179485,129.20766442257897,25.0,101,5
MN Samuels,14,161,172,10,285,35.400000000000006,7,9,11,61,13.416666666666666,93.6046511627907,8.050847457627118,46,1
SA Yadav,135,3594,2462,0,8,1.0,130,385,153,947,32.089285714285715,145.97887896019498,8.0,103,9
KK Cooper,12,116,67,36,789,95.59999999999997,8,9,8,16,12.88888888888889,173.13432835820896,8.25313807531381,32,1
DAJ Bracewell,1,12,9,3,32,4.0,0,1,1,6,,133.33333333333334,8.0,12,0
HV Patel,37,249,203,151,3215,360.20000000000005,15,16,11,73,9.576923076923077,122.66009852216749,8.925596890616323,36,4
Ankit Sharma,10,87,67,12,453,61.1,4,7,6,23,12.428571428571429,129.8507462686567,7.414075286415712,30,0
DJ Harris,4,111,101,0,26,3.0,5,11,2,33,37.0,109.9009900990099,8.666666666666666,47,0
TP Sudhindra,0,0,0,1,137,11.399999999999999,0,0,0,0,,0.0,12.017543859649125,0,0
SP Narine,106,1534,924,200,4672,680.1,97,164,37,214,18.261904761904763,166.017316017316,6.869578003234818,109,15
GB Hogg,4,22,22,25,585,76.19999999999999,0,1,2,14,11.0,100.0,7.67716535433071,13,0
RR Bhatkal,1,0,2,0,35,2.0,0,0,0,0,0.0,0.0,17.5,0,0
P Awana,5,5,14,43,1046,124.29999999999998,0,0,0,5,1.6666666666666667,35.714285714285715,8.41512469831054,4,0
V Pratap Singh,1,0,1,12,300,34.0,0,0,0,0,0.0,0.0,8.823529411764707,0,0
CJ McKay,1,8,15,1,60,6.599999999999998,0,0,1,6,8.0,53.333333333333336,9.090909090909093,8,0
AD Russell,104,2488,1407,125,2691,282.5000000000001,209,171,60,430,29.61904761904762,176.83013503909027,9.525663716814156,88,15
A Ashish Reddy,23,280,193,19,400,43.400000000000006,15,16,20,83,18.666666666666668,145.0777202072539,9.216589861751151,36,0
N Saini,10,140,140,0,0,0.0,0,16,15,43,12.727272727272727,100.0,0.0,50,0
DA Miller,123,2924,2094,0,0,0.0,134,207,184,918,34.80952380952381,139.6370582617001,0.0,101,5
Azhar Mahmood,21,388,303,31,707,89.29999999999998,13,39,19,116,20.42105263157895,128.05280528052805,7.9171332586786125,80,2
P Negi,35,365,288,38,954,119.19999999999999,16,27,25,108,14.038461538461538,126.73611111111111,8.003355704697988,36,2
A Chandila,2,4,7,11,245,39.0,0,0,0,4,4.0,57.142857142857146,6.282051282051282,4,1
LJ Wright,5,106,59,2,125,11.499999999999998,3,16,2,20,26.5,179.66101694915255,10.869565217391306,44,1
RJ Peterson,5,32,30,3,70,7.599999999999998,1,3,1,12,10.666666666666666,106.66666666666667,9.210526315789476,16,0
R Shukla,4,19,23,7,217,20.0,0,2,0,11,9.5,82.6086956521739,10.85,14,0
BB Samantray,8,125,113,0,0,0.0,2,13,8,45,25.0,110.61946902654867,0.0,55,0
MJ Clarke,6,98,94,3,72,10.599999999999998,0,12,5,35,16.333333333333332,104.25531914893617,6.79245283018868,41,0
BW Hilfenhaus,0,0,0,23,497,62.0,0,0,0,0,,0.0,8.016129032258064,0,2
Gurkeerat Singh,32,511,422,5,97,12.599999999999998,11,55,23,176,18.925925925925927,121.09004739336493,7.6984126984126995,65,0
AP Majumdar,4,87,76,0,0,0.0,2,7,7,33,21.75,114.47368421052632,0.0,31,0
PA Reddy,10,164,160,0,0,0.0,2,15,12,65,16.4,102.5,0.0,42,0
K Upadhyay,2,12,9,0,81,8.599999999999998,1,0,1,4,,133.33333333333334,9.418604651162793,11,0
CA Lynn,42,1329,941,0,0,0.0,66,132,45,315,34.07692307692308,141.2327311370882,0.0,93,4
Sunny Gupta,1,0,1,0,47,3.0,0,0,0,0,0.0,0.0,15.666666666666666,0,0
MC Juneja,7,125,128,0,0,0.0,1,11,7,61,17.857142857142858,97.65625,0.0,49,0
MG Johnson,28,167,163,66,1740,205.49999999999997,7,10,12,58,11.928571428571429,102.45398773006134,8.467153284671534,16,2
JJ Bumrah,26,68,77,182,3840,512.3000000000001,1,5,5,32,8.5,88.31168831168831,7.495608042162794,16,10
KK Nair,68,1496,1169,0,0,0.0,39,161,82,434,23.015384615384615,127.972626176219,0.0,83,3
GH Vihari,23,284,319,1,48,6.599999999999998,1,23,23,137,14.2,89.0282131661442,7.272727272727275,46,2
MDKJ Perera,2,14,13,0,0,0.0,0,3,0,2,7.0,107.6923076923077,0.0,14,0
S Badree,5,13,23,11,329,43.0,0,0,2,9,2.6,56.52173913043478,7.651162790697675,8,0
AS Rajpoot,7,26,41,24,844,88.19999999999999,1,2,1,10,6.5,63.41463414634146,9.569160997732428,8,2
B Laughlin,4,5,13,10,284,28.0,0,0,0,5,2.5,38.46153846153846,10.142857142857142,4,0
M Vohra,51,1083,828,0,0,0.0,43,104,64,249,22.5625,130.79710144927537,0.0,95,3
Mohammed Shami,23,74,79,144,3486,405.5000000000001,2,6,5,28,5.6923076923076925,93.67088607594937,8.59679408138101,21,3
BMAJ Mendis,3,23,27,1,36,4.599999999999998,0,0,4,15,7.666666666666667,85.18518518518519,7.826086956521743,12,0
CH Morris,49,618,397,107,2377,287.4000000000001,35,41,39,163,21.310344827586206,155.6675062972292,8.270702853166316,82,3
S Kaul,9,20,36,63,1772,201.29999999999998,0,1,4,8,6.666666666666667,55.55555555555556,8.802781917536016,7,0
R Dhawan,22,210,187,27,922,110.19999999999999,7,18,16,61,21.0,112.29946524064171,8.366606170598912,25,0
MM Sharma,28,124,133,147,3278,375.30000000000007,4,9,7,47,7.75,93.23308270676692,8.734345856648014,21,5
R Rampaul,7,51,49,17,319,44.400000000000006,2,3,6,15,10.2,104.08163265306122,7.184684684684684,23,0
SMSM Senanayake,4,10,16,9,211,32.0,0,0,1,8,10.0,62.5,6.59375,7,0
SV Samson,162,4419,3167,0,0,0.0,206,352,215,1298,31.119718309859156,139.5326807704452,0.0,119,11
BJ Rohrer,8,193,141,0,12,1.0,5,21,14,48,27.571428571428573,136.87943262411346,12.0,64,0
KL Rahul,122,4689,3474,0,0,0.0,187,400,244,1464,44.235849056603776,134.9740932642487,0.0,132,13
Q de Kock,107,3160,2349,0,0,0.0,123,316,133,864,31.287128712871286,134.52532992762877,0.0,140,6
JO Holder,27,259,209,59,1489,165.49999999999997,18,13,11,77,12.333333333333334,123.92344497607655,8.996978851963748,47,1
IC Pandey,1,0,2,19,609,76.59999999999997,0,0,0,0,0.0,0.0,7.95039164490862,0,0
Sandeep Sharma,25,54,69,153,3758,470.20000000000005,0,4,2,34,10.8,78.26086956521739,7.992343683538919,9,7
CM Gautam,13,169,149,0,0,0.0,6,17,8,40,18.77777777777778,113.42281879194631,0.0,33,0
YS Chahal,17,37,86,213,4681,586.5000000000001,0,0,3,28,6.166666666666667,43.02325581395349,7.981244671781755,8,6
X Thalaivan Sargunam,1,10,17,0,0,0.0,0,0,2,6,10.0,58.8235294117647,0.0,10,0
DJG Sammy,20,295,241,14,354,39.2,18,15,15,94,19.666666666666668,122.40663900414938,9.03061224489796,60,1
KW Richardson,4,36,39,21,479,55.50000000000001,1,2,3,16,12.0,92.3076923076923,8.63063063063063,26,0
P Suyal,0,0,0,2,154,15.599999999999998,0,0,0,0,,0.0,9.871794871794874,0,0
PV Tambe,6,18,38,28,866,109.59999999999997,0,1,0,14,18.0,47.36842105263158,7.901459854014601,7,2
Parvez Rasool,4,17,20,4,273,33.0,0,1,1,11,8.5,85.0,8.272727272727273,10,0
UA Birla,1,7,14,0,0,0.0,0,1,0,3,7.0,50.0,0.0,7,0
MG Neser,0,0,0,0,62,4.0,0,0,0,0,,0.0,15.5,0,0
Sachin Baby,11,144,115,3,8,1.4000000000000004,5,11,13,44,14.4,125.21739130434783,5.714285714285713,33,0
NM Coulter-Nile,16,82,72,52,1125,142.49999999999997,4,7,5,20,8.2,113.88888888888889,7.894736842105265,24,5
CJ Anderson,29,538,421,14,525,49.300000000000004,31,40,25,139,24.454545454545453,127.79097387173397,10.649087221095334,95,3
MA Starc,16,105,109,59,1175,138.29999999999998,0,11,9,43,13.125,96.3302752293578,8.496023138105569,29,3
NJ Maddinson,3,20,21,0,0,0.0,0,4,0,1,6.666666666666667,95.23809523809524,0.0,12,0
JDS Neesham,10,92,93,8,342,36.0,2,6,11,34,11.5,98.9247311827957,9.5,22,0
AR Patel,112,1653,1259,131,3824,517.3000000000001,79,107,89,573,21.192307692307693,131.2946783161239,7.39222888072685,66,8
BR Dunk,3,40,35,0,0,0.0,0,7,3,6,13.333333333333334,114.28571428571429,0.0,20,0
RR Rossouw,22,473,306,0,0,0.0,25,45,21,101,22.523809523809526,154.5751633986928,0.0,82,1
R Tewatia,65,1013,748,36,1117,140.29999999999998,47,84,48,299,23.558139534883722,135.42780748663102,7.961511047754812,53,2
Shivam Sharma,2,5,3,4,165,19.0,0,1,0,1,5.0,166.66666666666666,8.68421052631579,4,0
Imran Tahir,8,33,37,86,1729,219.2,0,5,2,9,8.25,89.1891891891892,7.887773722627737,13,1
LMP Simmons,29,1079,848,1,34,3.0,44,109,52,269,39.96296296296296,127.24056603773585,11.333333333333334,100,3
VH Zol,2,29,26,0,0,0.0,1,3,2,7,14.5,111.53846153846153,0.0,16,0
V Shankar,58,1115,857,12,344,39.400000000000006,45,80,70,382,25.930232558139537,130.10501750291715,8.730964467005075,63,0
BCJ Cutting,17,238,141,12,430,46.50000000000001,19,15,10,44,21.636363636363637,168.79432624113474,9.247311827956988,39,1
K Santokie,0,0,0,3,91,7.599999999999998,0,0,0,0,,0.0,11.973684210526319,0,0
S Gopal,22,180,169,53,1358,165.1,2,19,11,70,13.846153846153847,106.50887573964496,8.225317989097517,24,2
BE Hendricks,2,1,3,11,239,25.0,0,0,0,1,1.0,33.333333333333336,9.56,1,0
PJ Cummins,39,515,342,66,1976,219.49999999999997,34,33,35,106,17.75862068965517,150.58479532163742,9.00227790432802,66,2
JW Hastings,0,0,0,3,66,9.399999999999999,0,0,0,0,,0.0,7.021276595744682,0,0
Karanveer Singh,4,12,17,14,323,34.0,0,1,1,6,12.0,70.58823529411765,9.5,5,0
DJ Muthuswami,1,1,3,4,108,13.599999999999998,0,0,0,1,1.0,33.333333333333336,7.941176470588236,1,0
SS Iyer,114,3131,2449,0,7,1.0,113,272,145,1049,30.69607843137255,127.84810126582279,7.0,96,6
DJ Hooda,96,1466,1127,10,535,62.1,61,96,97,510,19.038961038961038,130.0798580301686,8.61513687600644,64,1
TA Boult,22,83,78,128,3286,390.1,3,5,9,27,11.857142857142858,106.41025641025641,8.423481158677262,17,6
KS Williamson,76,2132,1692,0,31,3.0,64,187,119,733,36.13559322033898,126.00472813238771,10.333333333333334,89,6
SA Abbott,3,22,18,1,104,8.599999999999998,2,1,1,4,11.0,122.22222222222223,12.093023255813957,14,0
KC Cariappa,5,24,21,8,349,36.0,2,0,1,10,8.0,114.28571428571429,9.694444444444445,12,0
J Suchith,9,70,61,20,604,69.59999999999997,3,6,5,18,17.5,114.75409836065573,8.678160919540234,34,0
RG More,1,2,2,1,63,5.499999999999998,0,0,0,2,,100.0,11.454545454545459,2,0
D Wiese,11,148,100,17,447,49.2,7,12,6,46,24.666666666666668,148.0,9.085365853658535,47,0
HH Pandya,128,2534,1730,70,2196,236.2,137,189,110,716,28.471910112359552,146.47398843930637,9.297205757832346,91,8
MJ McClenaghan,20,85,69,75,1839,212.2,7,5,1,21,7.7272727272727275,123.18840579710145,8.666352497643732,20,2
SN Khan,36,585,444,0,6,0.2,14,63,31,187,20.17241379310345,131.75675675675674,30.0,67,0
SN Thakur,35,307,220,100,2908,311.0,13,27,15,88,13.347826086956522,139.54545454545453,9.35048231511254,68,2
GS Sandhu,0,0,0,1,86,7.599999999999998,0,0,0,0,,0.0,11.315789473684214,0,0
J Yadav,4,40,36,9,447,64.59999999999997,1,2,5,16,20.0,111.11111111111111,6.919504643962852,23,0
BB Sran,7,10,13,20,767,80.29999999999998,0,0,1,8,10.0,76.92307692307692,9.551681195516814,3,0
JC Buttler,106,3583,2419,0,0,0.0,161,356,173,818,37.322916666666664,148.11905746176106,0.0,124,13
M Ashwin,12,35,50,35,1182,144.59999999999997,1,2,1,19,4.375,70.0,8.174273858921163,9,0
C Munro,11,177,141,0,15,2.0,8,19,4,45,19.666666666666668,125.53191489361703,7.5,40,0
CR Brathwaite,14,181,110,16,384,42.2,16,10,4,37,12.928571428571429,164.54545454545453,9.09952606635071,43,1
MP Stoinis,88,1866,1308,45,1300,133.49999999999997,91,150,90,532,27.850746268656717,142.6605504587156,9.737827715355808,124,9
P Sahu,2,19,13,3,152,17.300000000000004,1,1,2,5,,146.15384615384616,8.786127167630056,18,0
Ishan Kishan,99,2644,1939,0,0,0.0,119,255,89,720,29.054945054945055,136.35894791129448,0.0,99,4
Mustafizur Rahman,6,13,23,70,1792,216.29999999999998,1,0,0,7,13.0,56.52173913043478,8.284789644012946,8,2
AF Milne,6,23,29,9,339,34.300000000000004,1,0,2,13,4.6,79.3103448275862,9.88338192419825,15,0
Kuldeep Yadav,32,183,216,90,2413,291.0,3,16,12,77,18.3,84.72222222222223,8.292096219931272,35,7
KH Pandya,107,1647,1239,80,2644,353.4000000000001,61,144,112,463,22.256756756756758,132.92978208232446,7.48160724391624,86,6
AD Nath,10,90,98,0,0,0.0,2,7,5,40,9.0,91.83673469387755,0.0,24,0
KJ Abbott,3,13,8,2,182,15.599999999999998,1,0,1,2,13.0,162.5,11.666666666666668,12,0
MJ Guptill,13,271,196,0,0,0.0,15,24,7,60,22.583333333333332,138.26530612244898,0.0,50,0
TM Head,25,772,441,3,113,9.399999999999999,40,76,32,164,38.6,175.05668934240362,12.021276595744682,102,3
T Shamsi,1,2,4,3,185,20.0,0,0,0,2,,50.0,9.25,2,0
NS Naik,4,31,50,0,0,0.0,0,2,3,17,7.75,62.0,0.0,22,0
RR Pant,110,3297,2206,0,0,0.0,154,298,141,888,34.34375,149.45602901178603,0.0,128,8
S Kaushik,1,0,1,6,304,34.0,0,0,0,0,0.0,0.0,8.941176470588236,0,0
SW Billings,27,503,385,0,0,0.0,20,40,34,152,19.346153846153847,130.64935064935065,0.0,56,1
PSP Handscomb,1,6,12,0,0,0.0,0,0,0,6,6.0,50.0,0.0,6,0
SM Boland,0,0,0,3,56,6.599999999999998,0,0,0,0,,0.0,8.484848484848488,0,0
Swapnil Singh,9,51,45,7,241,27.0,3,3,2,17,10.2,113.33333333333333,8.925925925925926,15,0
UT Khawaja,6,127,99,0,0,0.0,3,14,6,38,25.4,128.2828282828283,0.0,30,0
CJ Jordan,12,81,77,36,1111,112.19999999999999,3,3,14,23,9.0,105.1948051948052,9.901960784313726,30,1
A Zampa,5,15,24,30,562,69.49999999999997,0,1,0,11,3.0,62.5,8.086330935251802,7,1
HM Amla,16,577,406,0,0,0.0,21,60,22,164,44.38461538461539,142.11822660098522,0.0,104,2
F Behardien,3,14,13,0,0,0.0,0,2,0,6,7.0,107.6923076923077,0.0,9,0
N Rana,101,2636,1946,10,253,30.0,132,234,78,729,28.04255319148936,135.4573484069887,8.433333333333334,87,5
DL Chahar,12,80,59,79,2243,278.1,6,2,7,22,11.428571428571429,135.59322033898306,8.06544408486156,39,2
ER Dwivedi,2,24,14,0,0,0.0,2,2,0,4,12.0,171.42857142857142,0.0,19,0
TS Mills,5,8,14,11,349,34.50000000000001,1,0,0,2,2.0,57.142857142857146,10.115942028985506,6,0
A Choudhary,3,25,20,5,144,16.500000000000007,1,1,1,13,12.5,125.0,8.727272727272723,15,0
Rashid Khan,58,545,331,157,3340,478.4000000000001,38,39,30,98,14.72972972972973,164.6525679758308,6.981605351170567,79,12
BA Stokes,43,935,695,31,1023,114.49999999999997,32,81,59,290,22.804878048780488,134.53237410071944,8.934497816593888,107,5
JJ Roy,21,614,441,0,0,0.0,21,75,17,148,32.31578947368421,139.22902494331066,0.0,91,2
CR Woakes,12,78,77,31,674,73.19999999999999,2,7,3,32,15.6,101.2987012987013,9.207650273224045,18,0
T Natarajan,2,3,5,76,2001,222.49999999999997,0,0,0,3,,60.0,8.993258426966293,3,0
RD Chahar,22,129,124,76,2165,277.20000000000005,5,13,8,31,8.0625,104.03225806451613,7.810245310245309,25,1
Vishnu Vinod,6,56,56,0,0,0.0,3,3,1,24,9.333333333333334,100.0,0.0,30,0
B Stanlake,1,5,2,7,200,24.0,0,1,0,1,,250.0,8.333333333333334,5,1
Basil Thampi,7,32,35,26,862,86.49999999999997,1,1,3,16,16.0,91.42857142857143,9.965317919075147,13,0
Tejas Baroka,0,0,0,0,33,3.3000000000000003,0,0,0,0,,0.0,10.0,0,0
RA Tripathi,93,2236,1598,0,12,1.0,84,223,109,607,27.604938271604937,139.92490613266582,12.0,93,4
C de Grandhomme,21,303,224,7,323,36.0,18,18,16,91,20.2,135.26785714285714,8.972222222222221,40,0
AJ Tye,13,91,75,48,1005,114.1,5,6,6,22,11.375,121.33333333333333,8.808063102541631,25,2
LH Ferguson,7,68,45,57,1451,159.39999999999998,2,6,6,20,17.0,151.11111111111111,9.10288582183187,24,3
Mohammad Nabi,19,221,151,15,527,69.29999999999998,12,18,8,58,13.0,146.35761589403972,7.604617604617607,37,0
Mohammed Siraj,20,109,117,96,2894,326.20000000000005,4,10,5,35,10.9,93.16239316239316,8.871857755977926,14,4
K Rabada,28,206,192,126,2652,304.5000000000001,8,16,12,70,12.875,107.29166666666667,8.709359605911327,44,2
Washington Sundar,38,378,324,39,1335,175.39999999999998,9,32,25,137,14.0,116.66666666666667,7.6111744583808445,40,1
SS Agarwal,0,0,0,1,42,4.0,0,0,0,0,,0.0,10.5,0,0
NB Singh,0,0,0,1,18,4.0,0,0,0,0,,0.0,4.5,0,0
DM Bravo,1,6,5,0,0,0.0,0,1,0,2,,120.0,0.0,6,0
Ankit Soni,3,7,9,4,145,18.1,1,0,0,1,3.5,77.77777777777777,8.011049723756905,7,0
AR Bawne,1,12,12,0,0,0.0,0,1,1,6,,100.0,0.0,12,0
SP Jackson,8,61,57,0,0,0.0,1,5,4,27,10.166666666666666,107.01754385964912,0.0,16,0
MJ Henry,0,0,0,3,183,17.0,0,0,0,0,,0.0,10.764705882352942,0,0
Avesh Khan,9,41,25,81,2010,222.29999999999998,3,3,2,7,41.0,164.0,9.041835357624832,12,2
E Lewis,26,654,477,0,0,0.0,36,62,19,146,27.25,137.1069182389937,0.0,65,1
MA Wood,3,12,8,11,192,20.0,1,1,0,2,6.0,150.0,9.6,10,1
M Markande,10,48,42,37,1081,119.59999999999997,1,5,4,14,16.0,114.28571428571429,9.038461538461542,18,0
Mujeeb Ur Rahman,6,12,15,20,598,72.19999999999999,0,2,0,4,4.0,80.0,8.282548476454295,10,1
K Khejroliya,0,0,0,5,221,20.1,0,0,0,0,,0.0,10.99502487562189,0,0
RK Singh,40,893,617,0,0,0.0,46,67,43,260,30.79310344827586,144.7325769854133,0.0,67,3
DJM Short,7,115,99,1,23,3.0,5,11,3,35,16.428571428571427,116.16161616161617,7.666666666666667,44,0
K Gowtham,27,247,148,22,825,97.59999999999997,17,15,16,47,13.722222222222221,166.8918918918919,8.45286885245902,33,0
TK Curran,10,127,107,13,432,39.400000000000006,3,10,11,47,25.4,118.69158878504673,10.964467005076141,54,0
A Dananjaya,1,4,5,0,47,4.0,0,0,1,2,,80.0,11.75,4,0
Shubman Gill,99,3216,2360,0,0,0.0,95,310,182,1012,37.395348837209305,136.27118644067798,0.0,129,10
Shivam Mavi,11,51,56,33,958,108.1,2,4,3,17,5.666666666666667,91.07142857142857,8.862164662349677,20,2
H Klaasen,32,993,584,0,0,0.0,64,56,59,267,38.19230769230769,170.03424657534248,0.0,104,0
RK Bhui,4,10,26,0,0,0.0,0,0,2,6,2.5,38.46153846153846,0.0,7,0
JC Archer,23,199,124,49,1210,157.49999999999997,14,11,11,49,15.307692307692308,160.48387096774192,7.682539682539684,27,1
LE Plunkett,2,1,3,4,228,25.0,0,0,0,1,1.0,33.333333333333336,9.12,1,0
PP Shaw,79,1892,1280,0,0,0.0,61,238,68,429,24.571428571428573,147.8125,0.0,99,4
AD Hales,6,148,117,0,0,0.0,6,13,8,44,24.666666666666668,126.4957264957265,0.0,45,0
IS Sodhi,2,7,17,9,204,30.1,0,0,0,7,3.5,41.1764705882353,6.777408637873754,6,0
MK Lomror,35,527,372,2,127,14.599999999999998,30,33,25,165,17.566666666666666,141.66666666666666,8.698630136986303,54,0
L Ngidi,0,0,0,28,460,54.0,0,0,0,0,,0.0,8.518518518518519,0,1
KM Asif,1,0,2,7,232,22.200000000000003,0,0,0,0,0.0,0.0,10.450450450450449,0,0
DJ Willey,5,53,62,7,277,36.0,0,7,4,17,17.666666666666668,85.48387096774194,7.694444444444445,20,0
DR Shorey,2,13,17,0,0,0.0,1,0,0,7,6.5,76.47058823529412,0.0,8,0
M Prasidh Krishna,7,9,24,54,1741,191.59999999999997,0,0,0,9,4.5,37.5,9.086638830897705,4,0
MM Ali,57,1162,818,40,900,126.19999999999999,67,95,39,302,23.714285714285715,142.05378973105135,7.131537242472267,93,2
P Chopra,1,8,6,0,0,0.0,0,2,0,0,8.0,133.33333333333334,0.0,8,0
JPR Scantlebury-Searles,2,8,6,2,89,6.599999999999998,1,0,0,2,8.0,133.33333333333334,13.48484848484849,6,0
Abhishek Sharma,61,1377,883,11,396,45.0,73,128,57,310,25.036363636363635,155.94563986409966,8.8,75,4
S Lamichhane,1,0,1,14,297,35.0,0,0,0,0,0.0,0.0,8.485714285714286,0,0
CJ Dala,0,0,0,0,34,3.0,0,0,0,0,,0.0,11.333333333333334,0,0
KK Ahmed,5,1,7,78,1918,212.39999999999998,0,0,0,1,0.2,14.285714285714286,9.030131826741997,1,2
SO Hetmyer,65,1243,807,0,0,0.0,82,76,64,316,31.075,154.0272614622057,0.0,75,3
S Dube,61,1502,1022,6,190,18.400000000000006,101,86,64,421,30.04,146.96673189823875,10.326086956521737,95,2
Navdeep Saini,7,33,37,26,968,108.39999999999998,0,3,3,15,8.25,89.1891891891892,8.929889298892991,12,0
JM Bairstow,50,1589,1096,0,0,0.0,69,166,64,365,33.104166666666664,144.9817518248175,0.0,114,6
Rasikh Salam,6,40,40,9,341,32.300000000000004,0,5,2,13,8.0,100.0,10.557275541795665,10,0
KMA Paul,5,18,24,10,239,27.1,1,1,1,6,4.5,75.0,8.819188191881919,7,1
N Pooran,72,1769,1090,0,0,0.0,127,113,69,411,31.589285714285715,162.29357798165137,0.0,77,3
SM Curran,48,883,643,62,1924,196.49999999999997,37,74,54,257,24.52777777777778,137.32503888024883,9.791348600508908,63,4
CV Varun,10,25,46,85,2042,265.0,0,2,1,15,12.5,54.34782608695652,7.70566037735849,10,6
GC Viljoen,3,3,7,8,229,23.0,0,0,1,1,1.5,42.857142857142854,9.956521739130435,2,0
P Ray Barman,1,19,24,0,56,4.0,0,2,0,11,19.0,79.16666666666667,14.0,19,0
MJ Santner,11,70,70,16,428,61.0,3,4,4,28,11.666666666666666,100.0,7.016393442622951,22,0
JP Behrendorff,2,6,9,22,563,61.0,0,0,0,6,,66.66666666666667,9.229508196721312,3,0
SC Kuggeleijn,0,0,0,2,71,7.599999999999998,0,0,0,0,,0.0,9.342105263157897,0,0
AS Joseph,5,27,32,22,707,72.19999999999999,0,3,2,11,27.0,84.375,9.792243767313021,15,1
HF Gurney,1,1,5,7,239,27.0,0,0,0,1,,20.0,8.851851851851851,1,1
S Midhun,0,0,0,0,29,2.0,0,0,0,0,,0.0,14.5,0,0
SD Lad,1,15,13,0,0,0.0,1,1,0,2,15.0,115.38461538461539,0.0,15,0
R Parag,58,1173,865,5,307,29.1,60,84,54,366,24.95744680851064,135.60693641618496,10.549828178694158,84,2
JL Denly,1,0,1,0,0,0.0,0,0,0,0,0.0,0.0,0.0,0,0
LS Livingstone,39,939,571,11,395,43.0,66,66,23,227,28.454545454545453,164.44833625218914,9.186046511627907,94,1
Arshdeep Singh,11,29,40,84,2097,227.2,0,4,2,6,5.8,72.5,9.229753521126762,10,1
AJ Turner,6,24,28,0,0,0.0,2,0,0,12,4.8,85.71428571428571,0.0,16,0
SE Rutherford,9,106,104,1,60,6.499999999999998,8,3,4,38,15.142857142857142,101.92307692307692,9.230769230769234,28,0
Harpreet Brar,24,233,190,25,907,113.1,9,19,15,73,19.416666666666668,122.63157894736842,8.01945181255526,29,3
Y Prithvi Raj,1,0,1,1,57,4.599999999999998,0,0,0,0,,0.0,12.391304347826093,0,0
O Thomas,0,0,0,5,85,9.599999999999998,0,0,0,0,,0.0,8.854166666666668,0,0
AS Roy,6,26,24,6,191,22.400000000000006,0,3,3,8,8.666666666666666,108.33333333333333,8.526785714285712,13,0
S Sandeep Warrier,0,0,0,8,257,28.0,0,0,0,0,,0.0,9.178571428571429,0,0
P Simran Singh,34,756,516,0,0,0.0,41,78,28,139,21.6,146.51162790697674,0.0,103,1
JL Pattinson,2,15,13,11,321,35.300000000000004,0,2,0,7,15.0,115.38461538461539,9.093484419263454,11,0
SS Cottrell,1,0,2,6,177,20.0,0,0,0,0,0.0,0.0,8.85,0,0
Ravi Bishnoi,14,32,50,68,1861,235.1,0,2,2,17,4.571428571428571,64.0,7.915780518928116,6,0
A Nortje,13,49,49,62,1614,175.39999999999998,0,6,1,17,9.8,100.0,9.201824401368302,23,3
T Banton,2,18,20,0,0,0.0,1,1,1,6,9.0,90.0,0.0,10,0
I Udana,4,15,11,8,286,29.0,1,1,0,5,5.0,136.36363636363637,9.862068965517242,10,0
D Padikkal,64,1559,1262,0,0,0.0,42,170,66,474,24.746031746031747,123.53407290015848,0.0,101,2
YBK Jaiswal,52,1607,1062,0,6,0.1,64,199,44,324,32.795918367346935,151.31826741996232,60.0,124,5
RD Gaikwad,65,2380,1730,0,0,0.0,91,217,119,710,42.5,137.5722543352601,0.0,108,11
TU Deshpande,4,21,14,46,1275,128.59999999999997,1,2,1,5,21.0,150.0,9.9144634525661,20,0
KL Nagarkoti,7,22,33,5,287,30.0,0,1,2,14,5.5,66.66666666666667,9.566666666666666,8,0
Abdul Samad,39,579,394,2,113,8.599999999999998,36,37,29,157,18.09375,146.9543147208122,13.139534883720934,37,0
PK Garg,19,273,238,0,0,0.0,9,16,23,103,14.368421052631579,114.70588235294117,0.0,51,1
JR Philippe,5,78,77,0,0,0.0,1,9,4,28,19.5,101.2987012987013,0.0,33,0
Kartik Tyagi,6,13,16,16,720,70.19999999999999,0,1,1,7,3.25,81.25,10.256410256410257,7,1
DR Sams,13,44,44,15,528,60.0,3,1,4,14,4.4,100.0,8.8,15,1
Shahbaz Ahmed,37,536,438,21,850,89.29999999999998,25,28,38,192,18.482758620689655,122.37442922374429,9.518477043673014,59,1
AT Carey,3,32,29,0,0,0.0,1,0,6,14,16.0,110.34482758620689,0.0,14,0
N Jagadeesan,10,162,147,0,0,0.0,2,21,7,52,18.0,110.20408163265306,0.0,39,0
JR Hazlewood,6,19,28,36,830,100.29999999999998,0,1,1,13,,67.85714285714286,8.27517447657029,7,1
CJ Green,0,0,0,0,24,2.5000000000000004,0,0,0,0,,0.0,9.599999999999998,0,0
P Dubey,2,23,33,1,91,10.599999999999998,0,2,1,13,23.0,69.6969696969697,8.58490566037736,16,0
Monu Kumar,0,0,0,0,20,2.0,0,0,0,0,,0.0,10.0,0,0
KA Jamieson,7,65,55,9,271,28.0,3,5,3,18,21.666666666666668,118.18181818181819,9.678571428571429,16,0
M Jansen,12,66,66,22,732,75.1,2,5,4,26,8.25,100.0,9.747003994673769,17,1
RM Patidar,24,799,502,0,0,0.0,54,51,30,208,33.291666666666664,159.16334661354583,0.0,112,2
C Sakariya,7,20,30,20,610,70.59999999999997,0,3,1,6,4.0,66.66666666666667,8.640226628895189,7,0
M Shahrukh Khan,37,553,391,0,16,2.0,37,35,20,151,22.12,141.43222506393863,8.0,58,0
JA Richardson,3,17,26,3,162,14.599999999999998,0,2,1,7,5.666666666666667,65.38461538461539,11.095890410958905,15,0
RP Meredith,2,0,3,21,621,64.39999999999998,0,0,0,0,0.0,0.0,9.642857142857146,0,0
Lalit Yadav,21,305,285,11,430,48.0,7,27,15,122,20.333333333333332,107.01754385964912,8.958333333333334,48,0
Virat Singh,2,15,26,0,0,0.0,0,1,0,11,5.0,57.69230769230769,0.0,11,0
LI Meriwala,0,0,0,1,32,3.0,0,0,0,0,,0.0,10.666666666666666,0,0
Jalaj S Saxena,0,0,0,0,27,3.0,0,0,0,0,,0.0,9.0,0,0
FA Allen,3,14,18,2,136,14.599999999999998,0,1,1,8,7.0,77.77777777777777,9.315068493150687,8,0
DJ Malan,1,26,26,0,0,0.0,1,1,2,12,26.0,100.0,0.0,26,0
KS Bharat,8,199,161,0,0,0.0,8,12,15,70,28.428571428571427,123.6024844720497,0.0,78,1
PWH de Silva,14,72,73,36,758,91.59999999999997,1,7,6,26,6.545454545454546,98.63013698630137,8.27510917030568,18,2
VR Iyer,49,1326,966,3,145,13.299999999999999,61,121,61,351,30.837209302325583,137.26708074534162,10.902255639097746,104,3
Umran Malik,5,23,15,31,785,82.19999999999999,2,1,2,3,23.0,153.33333333333334,9.549878345498785,19,2
Akash Singh,0,0,0,5,227,23.0,0,0,0,0,,0.0,9.869565217391305,0,0
GD Phillips,8,65,54,2,40,4.599999999999998,6,3,3,11,9.285714285714286,120.37037037037037,8.695652173913048,25,1
AK Markram,42,995,764,2,173,20.1,35,73,51,385,30.151515151515152,130.23560209424085,8.606965174129353,68,0
GHS Garton,2,2,4,3,136,14.599999999999998,0,0,0,2,2.0,50.0,9.315068493150687,2,0
K Yadav,1,0,4,2,85,8.599999999999998,0,0,0,0,,0.0,9.88372093023256,0,0
NT Ellis,5,19,25,19,514,59.0,1,0,2,9,4.75,76.0,8.711864406779661,12,1
RV Patel,7,80,73,0,22,3.0,2,6,3,35,16.0,109.58904109589041,7.333333333333333,23,0
TL Seifert,3,26,23,0,0,0.0,0,4,1,5,8.666666666666666,113.04347826086956,0.0,21,0
Anmolpreet Singh,9,139,115,0,0,0.0,3,19,5,35,15.444444444444445,120.8695652173913,0.0,36,0
Anuj Rawat,21,318,267,0,0,0.0,14,26,15,97,22.714285714285715,119.10112359550561,0.0,66,1
IC Porel,0,0,0,1,42,4.0,0,0,0,0,,0.0,10.5,0,0
AU Rashid,2,22,15,2,91,9.599999999999998,1,2,2,4,11.0,146.66666666666666,9.47916666666667,18,0
TH David,35,659,385,0,0,0.0,46,38,34,157,28.652173913043477,171.16883116883116,0.0,46,1
DP Conway,22,924,651,0,0,0.0,30,100,34,264,46.2,141.93548387096774,0.0,92,4
Tilak Varma,38,1156,787,0,28,3.4000000000000004,58,90,51,340,41.285714285714285,146.8869123252859,8.235294117647058,84,0
R Powell,22,360,244,1,35,3.0,28,21,14,80,18.0,147.54098360655738,11.666666666666666,67,0
OF Smith,6,51,44,7,179,14.599999999999998,5,1,2,13,17.0,115.9090909090909,12.260273972602741,25,1
Akash Deep,3,19,12,8,324,27.200000000000003,1,2,0,5,9.5,158.33333333333334,11.911764705882351,17,0
PBB Rajapaksa,13,277,190,0,0,0.0,15,22,15,69,23.083333333333332,145.78947368421052,0.0,50,0
RA Bawa,2,11,14,0,0,0.0,0,1,1,5,5.5,78.57142857142857,0.0,11,0
A Badoni,35,634,472,2,37,4.1,24,46,48,201,24.384615384615383,134.32203389830508,9.02439024390244,59,0
PVD Chameera,7,43,28,11,442,47.0,3,3,3,7,14.333333333333334,153.57142857142858,9.404255319148936,17,0
Mohsin Khan,5,25,24,27,698,80.59999999999997,1,2,2,7,12.5,104.16666666666667,8.660049627791567,13,1
A Manohar,15,231,174,0,0,0.0,10,21,6,75,16.5,132.75862068965517,0.0,43,1
R Shepherd,9,115,62,6,260,21.0,10,7,5,17,19.166666666666668,185.48387096774192,12.380952380952381,39,1
D Pretorius,5,44,28,7,242,25.0,3,3,2,10,11.0,157.14285714285714,9.68,22,0
Mukesh Choudhary,2,6,6,16,452,46.300000000000004,0,1,0,2,,100.0,9.762419006479481,4,1
JM Sharma,36,730,481,0,0,0.0,45,53,35,175,22.8125,151.76715176715177,0.0,49,0
VG Arora,7,9,16,20,598,64.0,0,0,1,7,4.5,56.25,9.34375,2,0
D Brevis,10,230,172,1,8,0.30000000000000004,16,17,6,54,23.0,133.72093023255815,26.666666666666664,49,0
DG Nalkande,2,12,12,6,150,13.599999999999998,1,0,0,6,6.0,100.0,11.029411764705884,12,0
B Sai Sudharsan,25,1034,735,0,0,0.0,32,95,59,338,49.23809523809524,140.68027210884352,0.0,103,2
M Theekshana,2,7,7,25,814,103.59999999999997,1,0,0,1,7.0,100.0,7.857142857142859,7,0
Ramandeep Singh,13,170,100,6,64,6.399999999999999,13,8,10,37,28.333333333333332,170.0,10.000000000000002,35,0
HE van der Dussen,3,22,24,0,0,0.0,0,2,3,8,11.0,91.66666666666667,0.0,12,0
KR Sen,1,0,3,14,396,40.1,0,0,0,0,,0.0,9.875311720698255,0,0
SS Prabhudessai,10,126,105,0,0,0.0,4,11,12,28,14.0,120.0,0.0,34,0
Yash Dayal,1,0,1,31,933,96.19999999999999,0,0,0,0,0.0,0.0,9.6985446985447,0,0
Shashank Singh,19,423,262,1,25,3.0,25,33,16,109,38.45454545454545,161.45038167938932,8.333333333333334,68,1
Aman Hakim Khan,10,115,104,0,13,1.0,6,8,7,33,12.777777777777779,110.57692307692308,13.0,51,0
OC McCoy,1,8,5,11,255,27.0,1,0,0,2,,160.0,9.444444444444445,8,0
HR Shokeen,5,66,65,5,320,34.0,0,9,5,20,22.0,101.53846153846153,9.411764705882353,25,0
DJ Mitchell,15,351,267,1,97,7.599999999999998,10,28,23,130,27.0,131.46067415730337,12.763157894736846,63,0
B Indrajith,3,21,30,0,0,0.0,0,2,2,9,7.0,70.0,0.0,15,0
Harshit Rana,3,2,3,27,590,64.1,0,0,1,0,1.0,66.66666666666667,9.20436817472699,2,0
K Kartikeya,2,9,12,10,334,39.0,0,1,0,5,4.5,75.0,8.564102564102564,6,0
Simarjeet Singh,3,7,8,10,265,30.0,0,0,2,3,7.0,87.5,8.833333333333334,3,1
Fazalhaq Farooqi,2,3,13,6,229,25.200000000000003,0,0,0,3,,23.076923076923077,9.087301587301587,2,0
KS Sharma,3,16,25,0,0,0.0,0,1,0,12,5.333333333333333,64.0,0.0,9,0
R Sai Kishore,1,13,6,13,259,31.0,2,0,0,1,13.0,216.66666666666666,8.35483870967742,13,1
T Stubbs,17,405,232,4,29,4.0,26,26,18,103,45.0,174.56896551724137,7.25,71,0
PH Solanki,0,0,0,2,39,5.599999999999998,0,0,0,0,,0.0,6.964285714285717,0,0
M Pathirana,0,0,0,38,617,75.1,0,0,0,0,,0.0,8.215712383488682,0,2
R Sanjay Yadav,1,0,2,0,23,2.0,0,0,0,0,0.0,0.0,11.5,0,0
A Tomar,1,4,8,0,0,0.0,0,1,0,0,4.0,50.0,0.0,4,0
PN Mankad,5,97,72,0,0,0.0,2,13,5,23,32.333333333333336,134.72222222222223,0.0,64,1
J Little,0,0,0,13,341,38.0,0,0,0,0,,0.0,8.973684210526315,0,1
RS Hangargekar,0,0,0,3,60,5.599999999999998,0,0,0,0,,0.0,10.714285714285719,0,0
Sikandar Raza,9,182,136,3,146,14.1,8,12,18,44,26.0,133.8235294117647,10.354609929078014,57,1
Rahmanullah Gurbaz,13,289,215,0,0,0.0,19,24,11,54,22.23076923076923,134.41860465116278,0.0,81,0
KR Mayers,13,379,258,0,59,6.599999999999998,22,38,16,58,29.153846153846153,146.89922480620154,8.939393939393943,73,0
Mukesh Kumar,5,10,18,31,707,66.29999999999998,0,0,0,10,10.0,55.55555555555556,10.663650075414784,6,0
HC Brook,11,190,153,0,0,0.0,4,23,12,50,21.11111111111111,124.18300653594771,0.0,100,1
NA Saini,0,0,0,0,35,2.0,0,0,0,0,,0.0,17.5,0,0
RJW Topley,1,3,6,5,182,17.0,0,0,0,3,,50.0,10.705882352941176,3,0
C Green,28,707,457,20,675,73.1,32,62,29,203,35.35,154.70459518599563,9.233926128590973,100,3
MG Bracewell,4,58,47,6,95,10.599999999999998,1,6,3,22,29.0,123.40425531914893,8.962264150943398,26,0
N Wadhera,16,350,250,0,13,2.0,18,32,10,94,23.333333333333332,140.0,6.5,64,0
Arshad Khan,6,96,65,6,282,22.200000000000003,6,5,8,24,24.0,147.69230769230768,12.702702702702702,58,0
Yash Thakur,0,0,0,27,702,67.19999999999999,0,0,0,0,,0.0,10.446428571428573,0,1
Abishek Porel,16,360,235,0,0,0.0,15,37,14,86,22.5,153.19148936170214,0.0,65,0
Dhruv Jurel,22,347,229,0,0,0.0,16,29,17,101,26.692307692307693,151.52838427947597,0.0,56,0
Suyash Sharma,0,0,0,11,381,43.0,0,0,0,0,,0.0,8.86046511627907,0,0
SSB Magala,0,0,0,1,52,5.599999999999998,0,0,0,0,,0.0,9.28571428571429,0,0
MW Short,6,117,92,0,25,4.0,4,15,5,23,19.5,127.17391304347827,6.25,36,0
Mohit Rathee,1,1,2,0,29,2.0,0,0,0,1,,50.0,14.5,1,0
YV Dhull,3,16,23,0,0,0.0,0,1,0,12,5.333333333333333,69.56521739130434,0.0,13,0
Vijaykumar Vyshak,4,14,12,17,396,38.300000000000004,1,0,1,6,7.0,116.66666666666667,10.339425587467362,13,0
Yudhvir Singh,4,22,16,4,125,11.599999999999998,2,1,1,4,5.5,137.5,10.77586206896552,14,0
Atharva Taide,9,247,168,0,4,0.1,8,27,14,60,30.875,147.02380952380952,40.0,66,0
Arjun Tendulkar,1,13,9,4,117,12.1,1,0,1,5,13.0,144.44444444444446,9.669421487603307,13,0
D Jansen,0,0,0,1,53,4.0,0,0,0,0,,0.0,13.25,0,0
Noor Ahmad,5,13,18,24,672,81.59999999999997,0,2,0,5,3.25,72.22222222222223,8.235294117647062,7,0
Naveen-ul-Haq,4,18,24,26,602,64.39999999999998,0,2,2,6,9.0,75.0,9.347826086956525,13,0
Liton Das,1,4,4,0,0,0.0,0,1,0,0,4.0,100.0,0.0,4,0
PD Salt,21,653,368,0,0,0.0,34,74,20,113,32.65,177.44565217391303,0.0,89,2
Mayank Dagar,1,0,1,2,205,22.500000000000007,0,0,0,0,,0.0,9.111111111111109,0,0
Abdul Basith,1,1,1,0,0,0.0,0,0,0,1,,100.0,0.0,1,0
Gurnoor Brar,0,0,0,0,42,3.0,0,0,0,0,,0.0,14.0,0,0
AJ Hosein,1,16,10,1,41,4.0,1,1,1,4,,160.0,10.25,16,0
Akash Madhwal,1,4,5,22,431,43.400000000000006,0,0,1,2,,80.0,9.930875576036865,4,1
R Goyal,0,0,0,0,34,4.0,0,0,0,0,,0.0,8.5,0,0
Vivrant Sharma,1,69,47,0,37,3.0,2,9,1,19,69.0,146.80851063829786,12.333333333333334,69,0
JE Root,1,10,15,0,15,2.0,0,1,0,6,10.0,66.66666666666667,7.5,10,0
MD Shanaka,3,26,26,0,0,0.0,1,2,1,10,13.0,100.0,0.0,17,0
Sanvir Singh,5,25,21,0,0,0.0,1,2,1,9,12.5,119.04761904761905,0.0,8,0
Nithish Kumar Reddy,11,303,212,4,208,18.1,21,15,14,89,33.666666666666664,142.9245283018868,11.49171270718232,76,1
H Sharma,0,0,0,0,62,4.599999999999998,0,0,0,0,,0.0,13.478260869565224,0,0
R Ravindra,10,222,137,0,7,2.0,12,22,6,50,24.666666666666668,162.04379562043795,3.5,61,0
SD Hope,9,183,122,0,0,0.0,12,12,10,43,22.875,150.0,0.0,41,0
Sumit Kumar,3,18,24,0,38,3.2,1,2,0,4,9.0,75.0,11.875,9,0
N Burger,0,0,0,7,152,17.0,0,0,0,0,,0.0,8.941176470588236,0,0
L Wood,1,9,3,1,94,5.599999999999998,1,0,1,1,,300.0,16.785714285714292,9,0
SZ Mulani,1,1,1,0,57,4.599999999999998,0,0,0,1,,100.0,12.391304347826093,1,0
Azmatullah Omarzai,4,42,33,4,194,21.0,2,2,3,16,10.5,127.27272727272727,9.238095238095237,17,0
Naman Dhir,7,140,78,0,55,4.399999999999999,10,12,5,22,23.333333333333332,179.48717948717947,12.500000000000004,62,0
G Coetzee,5,14,22,13,357,33.300000000000004,1,0,0,8,3.5,63.63636363636363,10.720720720720719,8,0
SH Johnson,3,6,7,4,155,15.599999999999998,0,1,0,2,,85.71428571428571,9.935897435897438,5,0
Sameer Rizvi,5,51,43,0,0,0.0,2,4,5,13,12.75,118.6046511627907,0.0,21,0
KT Maphaka,0,0,0,1,90,5.599999999999998,0,0,0,0,,0.0,16.071428571428577,0,0
M Siddharth,0,0,0,1,72,9.1,0,0,0,0,,0.0,7.912087912087912,0,0
MP Yadav,0,0,0,8,88,12.1,0,0,0,0,,0.0,7.272727272727273,0,2
SB Dubey,3,33,19,0,0,0.0,2,3,0,9,16.5,173.68421052631578,0.0,25,0
A Raghuvanshi,7,163,105,0,0,0.0,8,16,2,44,23.285714285714285,155.23809523809524,0.0,54,0
Ashutosh Sharma,9,189,110,0,0,0.0,15,10,9,41,23.625,171.8181818181818,0.0,61,0
Saurav Chauhan,3,18,15,0,0,0.0,1,1,1,6,6.0,120.0,0.0,9,0
Kumar Kushagra,3,3,7,0,0,0.0,0,0,1,1,1.0,42.857142857142854,0.0,2,0
BR Sharath,1,2,5,0,0,0.0,0,0,0,2,2.0,40.0,0.0,2,0
KA Maharaj,1,1,2,2,39,5.599999999999998,0,0,0,1,1.0,50.0,6.964285714285717,1,0
WG Jacks,8,230,130,2,100,8.599999999999998,18,16,7,44,38.333333333333336,176.92307692307693,11.627906976744189,100,1
J Fraser-McGurk,9,330,139,0,0,0.0,28,32,3,25,41.25,237.41007194244605,0.0,84,1
Tanush Kotian,1,24,31,0,0,0.0,0,3,1,10,24.0,77.41935483870968,0.0,24,0
Arshad Khan (2),1,5,4,0,25,2.0,0,1,0,1,5.0,125.0,12.5,5,0
S Joseph,0,0,0,0,51,4.0,0,0,0,0,,0.0,12.75,0,0
N Thushara,0,0,0,8,259,26.0,0,0,0,0,,0.0,9.961538461538462,0,0
LB Williams,1,1,2,1,74,6.1,0,0,0,1,,50.0,12.131147540983607,1,0
AA Kulkarni,2,9,8,0,0,0.0,0,2,0,1,4.5,112.5,0.0,9,0
RJ Gleeson,1,2,2,1,72,7.499999999999998,0,0,1,0,,100.0,9.600000000000001,2,0
MJ Suthar,1,1,2,0,26,2.0,0,0,0,1,1.0,50.0,13.0,1,0
A Kamboj,1,2,2,2,115,9.599999999999998,0,0,0,2,,100.0,11.97916666666667,2,0
Gulbadin Naib,1,19,15,0,12,1.0,1,1,0,9,19.0,126.66666666666667,12.0,19,0
D Ferreira,2,8,11,0,0,0.0,0,0,2,4,4.0,72.72727272727273,0.0,7,0
V Viyaskanth,1,7,5,1,90,9.599999999999998,0,0,0,4,,140.0,9.375000000000002,7,0
V Kaverappa,0,0,0,2,36,4.0,0,0,0,0,,0.0,9.0,0,0
T Kohler-Cadmore,3,48,54,0,0,0.0,1,7,1,12,16.0,88.88888888888889,0.0,20,0
Shivam Singh,1,2,3,0,0,0.0,0,0,0,2,,66.66666666666667,0.0,2,0
